stock_name,old_min_year,old_max_year,change,note
HERRPWS,1980,2006,,
HERRSITKA,1978,2007,,
ALPLAICBSAI,1972,2008,,
ARFLOUNDBSAI,1970,2008,,
ARFLOUNDGA,1958,2010,,
ATKABSAI,1976,2009,,
CABEZNCAL,1916,2005,,
CABEZSCAL,1932,2005,,
DSOLEGA,1978,2010,,
DUSROCKGA,1973,2008,,
FLSOLEBSAI,1977,2008,,
FLSOLEGA,1978,2010,,
NROCKBSAI,1974,2009,,
NROCKGA,1959,2008,,
NRSOLEEBSAI,1971,2008,,
PCODBSAI,1964,2008,split,"now PCODAI, PCODBS"
PCODGA,1964,2008,,
PERCHEBSAI,1974,2009,,
POPERCHGA,1959,2010,,
REXSOLEGA,1979,2008,,
REYEROCKBSAI,1974,2009,,
SABLEFEBSAIGA,1956,2008,,
WPOLLAI,1976,2008,,
WPOLLEBS,1963,2008,,
CODNEAR,1943,2006,,
CODCOASTNOR,1982,2006,,
YSOLEBSAI,1959,2008,,
WPOLLGA,1964,2008,,
GHALNEAR,1959,2007,,
HADNEAR,1947,2006,,
POLLNEAR,1957,2006,,
ATLCROAKMATLC,1973,2002,,
SBT,1931,2009,,
LOBSTERSNE,1981,2007,,
LOBSTERGOM,1981,2007,,
LOBSTERGB,1981,2007,,
BTSHRIMPNAUST,1970,2006,,not initially included
DEEPFLATHEADSE,1978,2007,,
GEMFISHSE,1966,2007,,
GTPRAWNNAUST,1970,2006,,not initially included
PTOOTHFISHMI,1975,2010,,
NZLINGWSE,1968,2007,,
NZLINGESE,1968,2007,,
MORWONGSE,1913,2007,split,"now MORWONGESE, MORWONGWSE"
SILVERFISHSE,1978,2006,,
SWHITSE,1945,2007,,not initially included
WAREHOUESE,1984,2006,,
WAREHOUWSE,1984,2006,,
HAD4X5Y,1960,2003,,
HERR4VWX,1964,2006,,not initially included
HAD5Zejm,1968,2003,,no information
COD5Zjm,1978,2003,,
COD3Ps,1959,2004,,
HERRCC,1951,2007,,
HERRPRD,1951,2007,,
HERRQCI,1951,2007,,
POLL4X5YZ,1980,2006,,no information
RSOLEHSTR,1945,2001,,
HERRWCVANI,1951,2007,,
HERRSOG,1951,2007,,
COD3Pn4RS,1964,2007,,
HERR4RFA,1971,2003,,
HERR4RSP,1963,2004,,
COD4TVn,1965,2009,,
HERRNS,1960,2007,,renamed to HERRNS.IIIa.VIId
HERRNIRS,1960,2006,,
HERR4TSP,1974,2007,,
HERR4TFA,1974,2007,,
HERRVIa,1957,2006,,
HERRVIaVIIbc,1969,2000,,
BIGEYEEPAC,1975,2007,,
YFINEPAC,1975,2007,,
BIGEYEATL,1950,2005,,no information
ATBTUNAWATL,1969,2007,,
ATBTUNAEATL,1969,2007,,
ALBANATL,1929,2005,,no information
SWORDNATL,1978,2007,,no information
YFINATL,1970,2006,,no information
PANCHPERUNC,1963,2004,,
ARGHAKENARG,1985,2007,,
ANCHOSA,1984,2006,,
SBWHITARGS,1985,2007,,
PATGRENADIERSARG,1983,2006,,
ARGHAKESARG,1985,2008,,
CHAKESA,1917,2008,,not initially included
SARDSA,1984,2006,split,"now SARDSAS, SARDSAW"
SSLOBSTERSASC,1973,2008,,
AMPL3LNO,1955,2007,,
AMPL5YZ,1960,2008,,not initially included
ACADREDGOMGB,1913,2007,,
GHAL23KLMNO,1960,2006,,
COD3NO,1953,2007,,no information
BLUEFISHATLC,1981,2007,,
BSBASSMATLC,1968,2007,,
BUTTERGOMCHATT,1965,2005,,
CODGB,1960,2008,,
HERRNWATLC,1960,2005,,
HADGB,1930,2008,,
HAD5Y,1956,2008,,
CODGOM,1893,2008,,no information
MACKGOMCHATT,1960,2005,,no information
SCUPNWATLC,1960,2007,,
SFLOUNMATLC,1940,2007,,
STRIPEDBASSGOMCHATT,1982,2006,,
WITFLOUN5Y,1982,2008,,
WINFLOUNSNEMATL,1940,2007,,
WINFLOUN5Z,1982,2007,,
WHAKEGBGOM,1963,2007,,
YELLCCODGOM,1935,2008,,
YELLGB,1935,2008,,
YELLSNEMATL,1935,2008,,
AUSSALMONNZ,1975,2006,,not initially included
BLACKROCKSPCOAST,1915,2007,split,"now BLACKROCKCAL, BLACKROCKORECOAST, BLACKROCKWASH"
BLACKROCKNPCOAST,1914,2006,split,"now BLACKROCKCAL, BLACKROCKORECOAST, BLACKROCKWASH"
BGROCKPCOAST,1950,2005,,not initially included
ARFLOUNDPCOAST,1916,2007,,
BLUEROCKCAL,1916,2007,,
BOCACCSPCOAST,1951,2006,,
CHILISPCOAST,1892,2007,,
CROCKPCOAST,1916,2009,,
LSTHORNHPCOAST,1962,2005,,
KELPGREENLINGORECOAST,1979,2005,,
ESOLEPCOAST,1876,2007,,
DKROCKPCOAST,1928,2007,,
PHAKEPCOAST,1966,2008,,
POPERCHPCOAST,1953,2007,,
PSOLENPCOAST,1910,2005,merged,now PSOLEPCOAST
PSOLESPCOAST,1874,2005,merged,now PSOLEPCOAST
YTROCKNPCOAST,1967,2005,,
YEYEROCKPCOAST,1923,2006,,
WROCKPCOAST,1955,2006,,
SABLEFPCOAST,1900,2007,,
CAPEICE,1977,2007,,no information
CODFAPL,1959,2006,,
CODICE,1952,2006,,
HADFAPL,1955,2006,,
HOKIWNZ,1972,2007,,
HOKIENZ,1972,2007,,
POLLFAPL,1958,2006,,
HADICE,1977,2007,,
NZSNAPNZ8,1931,2005,,
TREVALLYTRE7,1944,2005,,
GEMFISHNZ,1952,2007,,
NZLINGLIN3.4,1972,2007,,
NZLINGLIN7WC,1972,2008,,
NZLINGLIN72,1972,2007,,
NZLINGLIN6b,1980,2006,,
NZLINGLIN5.6,1972,2007,,
SBWHITACIR,1979,2006,,
SOUTHHAKECR,1975,2006,,
SOUTHHAKESA,1975,2007,,
LINGCODNPCOAST,1956,2005,,
GRAMBERSATLC,1946,2006,,
GAGSATLC,1962,2005,,
GAGGM,1963,2004,,no information
LINGCODSPCOAST,1956,2005,,
GTRIGGM,1981,2004,,
MENATGM,1964,2004,,
MUTSNAPSATLCGM,1981,2006,,
RPORGYSATLC,1972,2004,,no information
SNOWGROUPSATLC,1961,2002,,no information
RSNAPWGM,1880,2003,,no information
RSNAPSATLC,1945,2006,,
RSNAPEGM,1872,2003,,no information
TILESATLC,1961,2002,,
VSNAPGM,1981,2004,,no information
VSNAPSATLC,1946,2008,,
YTSNAPSATLC,1962,2001,,no information
STMARLINSWPO,1950,2003,,no information
SKJCWPAC,1972,2006,,
BIGEYEWPO,1952,2006,,no information
ALBASPAC,1959,2006,,
YFINCWPAC,1952,2005,,no information
CHTRACCH,1950,2010,,
CMACKPCOAST,1929,2008,,
DSOLEPCOAST,1910,2005,,not initially included
STFLOUNNPCOAST,1970,2005,,
SBELLYROCKPCOAST,1950,2005,,
SARDPCOAST,1981,2007,,no information
GOPHERSPCOAST,1965,2005,,
STFLOUNSPCOAST,1970,2005,,
CODBA2224,1969,2007,,
CODBA2532,1964,2007,,
CODKAT,1970,2006,,
HERRIsum,1983,2007,,
HERR31,1979,2006,merged,now HERR30.31
HERR30,1972,2007,merged,now HERR30.31
HERR2532,1973,2006,redefined,now HERR2529.32
HERRRIGA,1976,2007,,
SOLEIIIa,1982,2007,,no information
SPRAT22.32,1973,2007,,
FMEG8c9a,1986,2006,,
SOLEVIII,1982,2006,,no information
MEG8c9a,1985,2007,,
HAKESOTH,1982,2007,,
HAKENRTN,1977,2007,,
ANCHOBAYB,1986,2007,,
MACKNEICES,1972,2007,,
SARDPVIIIc.IXa,1978,2007,,
BWHITNEA,1980,2007,,
PLAICIS,1962,2006,,not initially included
HADVIa,1977,2006,merged,now HADNS.IIIa.Via
CODVIa,1977,2006,,
CODIS,1968,2006,,
SOLEIS,1968,2006,,
WHITVIa,1984,2007,,
CODNS,1962,2007,,no information
HADNS.IIIa,1963,2006,merged,now HADNS.IIIa.Via
PLAICIIIa,1976,2006,redefined,now PLAICNS
PLAIC7d,1979,2006,,
NPOUTNS,1983,2007,,no information
HADROCK,1990,2007,,
PLAICNS,1956,2006,,
POLLNS.VI.IIIa,1964,2006,,
SEELNS,1983,2007,,no information
SOLENS,1956,2006,,
PLAICCELT,1976,2006,,
HADVIIb.k,1993,2006,,
WHITNS.VIId.IIIa,1979,2006,,not initially included
SOLEVIId,1981,2006,,
PLAICECHW,1975,2006,,
SOLECS,1970,2006,,
SOLEVIIe,1968,2006,,
WHITVIIek,1982,2007,redefined,now WHITVIIbce.k
